Date,Open,High,Low,Close,Adj. Close,Change,Volume
2023-04-14,9.70000,9.70000,6.30000,7.03000,7.03000,-29.70%,554703
2023-04-17,6.39000,7.83000,6.39000,6.90000,6.90000,-1.85%,201507
2023-04-18,6.62000,7.70000,6.20000,6.70000,6.70000,-2.90%,241378
2023-04-19,6.68000,7.10000,6.24000,6.41000,6.41000,-4.33%,80959
2023-04-20,6.20000,6.32000,5.70000,6.15000,6.15000,-4.06%,194657
2023-04-21,5.87000,7.48000,5.87000,6.68000,6.68000,8.62%,181762
2023-04-24,6.60000,7.40000,6.60000,6.92000,6.92000,3.59%,55888
2023-04-25,6.78000,7.22000,6.60000,6.92000,6.92000,,66938
2023-04-26,6.95000,8.16000,6.95000,7.70500,7.70500,11.34%,83186
2023-04-27,7.41000,7.79000,7.24000,7.60000,7.60000,-1.36%,27247
2023-04-28,7.65000,7.78000,7.14000,7.50000,7.50000,-1.32%,85493
2023-05-01,7.35000,7.62000,7.20000,7.34500,7.34500,-2.07%,23906
2023-05-02,7.07000,7.36000,7.00000,7.19000,7.19000,-2.11%,28389
2023-05-03,7.57000,7.57000,6.80000,6.81000,6.81000,-5.29%,27522
2023-05-04,6.90000,6.90000,6.10000,6.25000,6.25000,-8.22%,81024
2023-05-05,6.50000,6.70000,6.00000,6.27000,6.27000,0.32%,68429
2023-05-08,6.20000,6.20000,5.70000,5.79000,5.79000,-7.66%,70648
2023-05-09,5.72000,6.18000,5.72000,5.93000,5.93000,2.42%,31719
2023-05-10,6.04200,6.43000,6.02000,6.06400,6.06400,2.26%,11538
2023-05-11,6.00000,6.02900,5.50000,5.51000,5.51000,-9.14%,69623
2023-05-12,5.59800,6.12000,5.51000,5.62000,5.62000,2.00%,65512
2023-05-15,5.69000,5.84000,5.30000,5.55000,5.55000,-1.25%,49317
2023-05-16,5.35000,5.66500,5.20000,5.46000,5.46000,-1.62%,26657
2023-05-17,5.31000,5.64000,5.26000,5.42000,5.42000,-0.73%,16241
2023-05-18,5.42000,5.49900,5.06000,5.06000,5.06000,-6.64%,32228
2023-05-19,5.36000,5.36000,4.63000,4.81000,4.81000,-4.94%,90759
2023-05-22,4.81000,5.08600,4.75000,4.87000,4.87000,1.25%,15318
2023-05-23,5.01600,5.28000,5.01000,5.14000,5.14000,5.54%,14840
2023-05-24,4.93000,5.14000,4.93000,5.00000,5.00000,-2.72%,10609
2023-05-25,5.00000,5.04000,4.93000,4.93000,4.93000,-1.40%,1937
2023-05-26,5.08000,5.28000,4.94000,5.12000,5.12000,3.85%,10696
2023-05-30,5.27000,5.48000,5.01000,5.03000,5.03000,-1.76%,30787
2023-05-31,5.06000,5.48000,4.60000,4.92000,4.92000,-2.19%,42267
2023-06-01,4.94000,5.25000,4.85000,5.03000,5.03000,2.24%,5878
2023-06-02,4.90000,5.26000,4.85000,4.85000,4.85000,-3.58%,10545
2023-06-05,5.12000,5.16000,4.75000,4.83000,4.83000,-0.41%,183627
2023-06-06,4.65000,5.17000,4.65000,5.17000,5.17000,7.04%,56703
2023-06-07,5.10700,5.22000,4.85000,4.99000,4.99000,-3.48%,36986
2023-06-08,5.01000,5.07000,4.88000,5.01000,5.01000,0.40%,9406
2023-06-09,5.08000,5.24000,5.04000,5.05000,5.05000,0.80%,19991
2023-06-12,5.11000,6.50000,5.09000,6.24000,6.24000,23.56%,225785
2023-06-13,6.02000,7.48000,5.83000,7.40000,7.40000,18.59%,344990
2023-06-14,7.40000,7.52000,7.23900,7.48000,7.48000,1.08%,118050
2023-06-15,7.45000,9.68000,7.18000,7.56000,7.56000,1.07%,214441
2023-06-16,8.46000,11.60000,7.56000,11.41000,11.41000,50.93%,712299
2023-06-20,10.60000,12.85000,9.92000,10.73000,10.73000,-5.96%,388415
2023-06-21,10.74000,11.00000,10.50000,10.88000,10.88000,1.40%,107508
2023-06-22,10.53000,11.73000,10.50000,11.41000,11.41000,4.87%,95860
2023-06-23,11.51000,11.79300,11.00000,11.37000,11.37000,-0.35%,33350
2023-06-26,11.30000,11.30000,10.79000,11.00000,11.00000,-3.25%,33968
2023-06-27,10.85000,10.85000,10.20000,10.54000,10.54000,-4.18%,117769
2023-06-28,10.39000,10.87500,10.25000,10.47000,10.47000,-0.66%,22948
2023-06-29,10.47000,11.88000,10.32000,11.88000,11.88000,13.47%,97814
2023-06-30,11.51000,11.80000,10.58000,11.20000,11.20000,-5.72%,39066
2023-07-03,11.19000,11.65400,10.52000,11.49000,11.49000,2.59%,12542
2023-07-05,11.34000,12.00000,11.34000,11.79000,11.79000,2.61%,20283
2023-07-06,11.65000,12.73000,11.50000,12.49000,12.49000,5.94%,25546
2023-07-07,12.06000,12.65000,12.02200,12.64000,12.64000,1.20%,35173
2023-07-10,12.51000,14.09000,12.17000,13.20000,13.20000,4.43%,84941
2023-07-11,13.06000,13.20000,11.00000,12.61000,12.61000,-4.47%,59231
2023-07-12,12.21000,12.60000,11.77300,11.90000,11.90000,-5.63%,49308
2023-07-13,12.06000,13.74000,12.06000,13.74000,13.74000,15.46%,63934
2023-07-14,13.74000,14.30000,13.17000,14.01000,14.01000,1.97%,193944
2023-07-17,14.10000,14.51000,13.88500,14.27000,14.27000,1.86%,65208
2023-07-18,14.28000,14.28000,12.80100,12.91000,12.91000,-9.53%,40736
2023-07-19,13.19000,13.87000,12.02000,12.42000,12.42000,-3.80%,114119
2023-07-20,12.41000,12.42000,11.82000,12.05000,12.05000,-2.98%,47984
2023-07-21,12.01000,12.01000,10.60000,11.28000,11.28000,-6.39%,91796
2023-07-24,10.83000,10.83000,10.20000,10.25000,10.25000,-9.13%,52235
2023-07-25,10.38000,10.80000,10.23000,10.27000,10.27000,0.20%,22642
2023-07-26,10.21000,10.60200,10.20000,10.20000,10.20000,-0.68%,14752
2023-07-27,10.30000,10.71000,10.20000,10.20000,10.20000,,42391
2023-07-28,10.27000,10.40000,10.20000,10.20000,10.20000,,41306
2023-07-31,10.20000,10.48000,10.20000,10.42000,10.42000,2.16%,35168
2023-08-01,10.25000,10.40000,10.20000,10.20000,10.20000,-2.11%,65463
2023-08-02,10.20000,10.31800,10.00000,10.22000,10.22000,0.20%,51763
2023-08-03,10.36600,10.36600,9.84500,9.94000,9.94000,-2.74%,70706
2023-08-04,10.21500,10.21700,9.16000,9.16000,9.16000,-7.85%,26082
2023-08-07,9.21000,10.11000,9.21000,9.50000,9.50000,3.71%,38443
2023-08-08,9.25000,9.49500,9.00800,9.28000,9.28000,-2.32%,41357
2023-08-09,9.18000,10.32800,9.18000,9.76000,9.76000,5.17%,11219
2023-08-10,9.65000,10.00000,9.15000,9.29000,9.29000,-4.82%,17456
2023-08-11,9.50000,13.90000,9.21000,12.58000,12.58000,35.41%,622786
2023-08-14,12.18000,13.49000,11.91000,11.96000,11.96000,-4.93%,98183
2023-08-15,11.97000,13.88000,11.84200,13.51000,13.51000,12.96%,40694
2023-08-16,12.25000,14.47000,12.25000,14.31000,14.31000,5.92%,123668
2023-08-17,14.00000,14.60000,13.31000,13.73000,13.73000,-4.05%,80505
2023-08-18,12.90000,13.85000,12.78000,13.29000,13.29000,-3.20%,100451
2023-08-21,13.09000,13.88000,13.09000,13.76000,13.76000,3.54%,36203
2023-08-22,13.89000,13.95000,13.44000,13.89000,13.89000,0.94%,64254
2023-08-23,12.50000,14.22000,12.50000,13.82000,13.82000,-0.50%,113959
2023-08-24,14.03000,14.13000,13.38000,13.62000,13.62000,-1.45%,71775
2023-08-25,13.51000,14.00000,13.34000,14.00000,14.00000,2.79%,82987
2023-08-28,13.85000,14.04000,12.51100,13.99000,13.99000,-0.07%,105635
2023-08-29,14.02000,14.47000,13.09000,13.56000,13.56000,-3.07%,107456
2023-08-30,13.95000,14.50000,13.11000,13.78000,13.78000,1.62%,101560
2023-08-31,13.55000,14.50000,13.07000,13.55000,13.55000,-1.67%,750698
2023-09-01,13.54000,13.75000,12.25000,12.71000,12.71000,-6.20%,44252
2023-09-05,12.63000,13.13000,12.20000,12.75000,12.75000,0.31%,46116
2023-09-06,13.08000,13.08000,12.00000,12.11000,12.11000,-5.02%,44178
2023-09-07,12.32000,12.32000,11.50000,11.60000,11.60000,-4.21%,31647
2023-09-08,11.68000,11.72000,11.21000,11.53000,11.53000,-0.60%,7958
2023-09-11,11.46000,11.77000,10.41000,10.41000,10.41000,-9.71%,45662
2023-09-12,10.97000,11.07000,9.60000,9.70000,9.70000,-6.82%,186335
2023-09-13,9.75000,10.54500,9.11000,10.26000,10.26000,5.77%,159526
2023-09-14,9.95000,11.40000,9.85000,11.00000,11.00000,7.21%,129450
2023-09-15,10.85000,13.57000,10.72500,13.00000,13.00000,18.18%,597601
2023-09-18,12.81000,14.65000,12.30000,12.93000,12.93000,-0.54%,185564
2023-09-19,12.67000,13.91000,12.67000,13.58000,13.58000,5.03%,75626
2023-09-20,13.20000,13.50000,12.65000,12.95000,12.95000,-4.64%,23831
2023-09-21,13.00000,13.87000,12.81000,13.58000,13.58000,4.86%,69270
2023-09-22,13.45000,13.89000,12.01000,12.01000,12.01000,-11.56%,83191
2023-09-25,12.01000,12.01000,11.21000,11.22000,11.22000,-6.58%,18417
2023-09-26,11.16000,11.44500,9.51000,9.53000,9.53000,-15.06%,163145
2023-09-27,9.78000,10.40000,9.78000,9.98000,9.98000,4.72%,131916
2023-09-28,9.98000,10.36000,9.63000,9.80000,9.80000,-1.80%,89076
2023-09-29,10.00000,10.24000,9.60000,9.64000,9.64000,-1.63%,84441
2023-10-02,9.84000,10.20000,9.42000,9.62000,9.62000,-0.21%,102357
2023-10-03,9.62000,9.77500,8.39000,8.68000,8.68000,-9.77%,119410
2023-10-04,8.80000,8.80000,8.33000,8.50500,8.50500,-2.02%,78449
2023-10-05,8.40000,8.62000,7.66000,8.00000,8.00000,-5.94%,66202
2023-10-06,8.32000,8.63700,7.64000,7.83000,7.83000,-2.12%,95011
2023-10-09,7.90000,7.90000,6.82000,6.99000,6.99000,-10.73%,129420
2023-10-10,6.99000,7.46000,6.81000,7.37000,7.37000,5.44%,154212
2023-10-11,7.27000,7.27000,5.64000,5.75000,5.75000,-21.98%,293685
2023-10-12,5.94000,6.02100,5.38000,5.64000,5.64000,-1.91%,225834
2023-10-13,5.51000,5.90000,3.50000,4.50000,4.50000,-20.21%,798326
2023-10-16,4.75000,4.84000,3.60000,3.96000,3.96000,-12.00%,759048
2023-10-17,4.00000,4.03000,3.70000,4.00000,4.00000,1.01%,336302
2023-10-18,3.93000,3.97000,3.50000,3.55000,3.55000,-11.25%,388250
2023-10-19,3.58000,3.63000,3.20000,3.41000,3.41000,-3.94%,623079
2023-10-20,3.35000,3.57000,3.03000,3.20000,3.20000,-6.16%,722452
2023-10-23,3.20000,3.30000,2.77000,2.93000,2.93000,-8.44%,636676
2023-10-24,3.19000,3.32000,2.90000,3.10000,3.10000,5.80%,892744
2023-10-25,3.12000,3.81000,2.91000,3.72000,3.72000,20.00%,793887
2023-10-26,3.78000,3.88000,3.15000,3.19000,3.19000,-14.25%,842265
2023-10-27,3.31000,3.95500,3.24000,3.78000,3.78000,18.50%,580264
2023-10-30,3.97000,4.00000,3.55000,3.62000,3.62000,-4.23%,797369
2023-10-31,3.56000,4.00000,3.56000,3.74000,3.74000,3.31%,282642
2023-11-01,3.85000,4.01000,3.71000,3.83000,3.83000,2.41%,936626
2023-11-02,4.00000,4.01500,3.76000,3.82000,3.82000,-0.26%,797404
2023-11-03,3.82000,4.01000,3.82000,3.99000,3.99000,4.45%,500108
2023-11-06,4.07000,4.15300,3.76000,3.89000,3.89000,-2.51%,764446
2023-11-07,3.87000,4.04000,3.77500,3.80000,3.80000,-2.31%,349853
2023-11-08,3.81000,3.96900,3.71000,3.77000,3.77000,-0.79%,254370
2023-11-09,4.00000,4.02000,3.49000,3.53000,3.53000,-6.37%,685296
2023-11-10,3.56000,3.99000,3.56000,3.97000,3.97000,12.46%,355142
2023-11-13,3.97000,4.04000,3.69000,3.77000,3.77000,-5.04%,455902
2023-11-14,3.90000,5.00000,3.83000,5.00000,5.00000,32.63%,693281
2023-11-15,5.00000,5.23000,4.15000,4.28000,4.28000,-14.40%,1305428
2023-11-16,4.25000,4.37000,3.78000,3.99000,3.99000,-6.78%,896541
2023-11-17,4.00000,4.02500,3.90000,4.00000,4.00000,0.25%,390092
2023-11-20,4.00000,4.88000,3.93000,4.76000,4.76000,19.00%,700124
2023-11-21,4.47000,4.54500,3.91000,4.14000,4.14000,-13.03%,1010015
2023-11-22,4.14000,4.29000,3.97000,4.11000,4.11000,-0.72%,514633
2023-11-24,4.13000,4.46000,4.10000,4.32000,4.32000,5.11%,529084
2023-11-27,4.20000,4.31000,4.12000,4.18000,4.18000,-3.24%,406649
2023-11-28,4.24000,4.77000,4.18000,4.55000,4.55000,8.85%,720901
2023-11-29,4.61000,4.81000,4.50000,4.70000,4.70000,3.30%,501559
2023-11-30,4.80000,4.80000,4.26000,4.50000,4.50000,-4.26%,1469141
2023-12-01,4.62000,5.00000,4.42000,5.00000,5.00000,11.11%,816156
2023-12-04,5.16000,5.75000,5.06000,5.30000,5.30000,6.00%,1680661
2023-12-05,5.30000,5.68000,5.21000,5.58000,5.58000,5.28%,871827
2023-12-06,5.70000,5.89000,5.42000,5.70000,5.70000,2.15%,1276734
2023-12-07,5.42000,5.80000,5.21000,5.77000,5.77000,1.23%,1098986
2023-12-08,5.97000,6.45000,5.63000,6.23000,6.23000,7.97%,1259783
2023-12-11,5.90000,5.95000,5.44000,5.55000,5.55000,-10.91%,1817602
2023-12-12,5.76000,5.95000,5.61000,5.95000,5.95000,7.21%,634031
2023-12-13,6.00000,6.49000,5.70400,6.49000,6.49000,9.08%,651371
2023-12-14,6.49000,6.70000,6.15000,6.59000,6.59000,1.54%,1086985
2023-12-15,6.60000,8.00000,6.24000,7.90000,7.90000,19.88%,2300524
2023-12-18,7.54000,8.14000,7.30000,7.79000,7.79000,-1.39%,1916852
2023-12-19,8.00000,8.10000,7.46000,7.84000,7.84000,0.64%,716870
2023-12-20,8.00000,8.79000,7.76000,8.18000,8.18000,4.34%,1789248
2023-12-21,8.20000,8.75000,7.80000,8.45000,8.45000,3.30%,1399642
2023-12-22,8.75000,10.83000,8.30000,10.22000,10.22000,20.95%,3370485
2023-12-26,10.65000,12.99000,10.65000,11.44000,11.44000,11.94%,4411444
2023-12-27,12.07000,14.27000,11.75000,13.67000,13.67000,19.49%,3333676
2023-12-28,12.80000,13.50000,12.54000,13.22000,13.22000,-3.29%,2944808
2023-12-29,13.02000,13.02000,9.11000,9.86000,9.86000,-25.42%,6553966
2024-01-02,10.60000,10.68700,8.40000,8.88000,8.88000,-9.94%,4044321
2024-01-03,7.65200,8.65000,7.30000,8.02000,8.02000,-9.68%,3959467
2024-01-04,8.23000,8.54000,7.66000,8.02000,8.02000,,2135889
2024-01-05,7.97000,8.20000,7.02000,8.11000,8.11000,1.12%,1514181
2024-01-08,8.25000,9.16500,7.55000,9.08000,9.08000,11.96%,2846190
2024-01-09,8.69500,8.95000,7.84000,7.89000,7.89000,-13.11%,1675124
2024-01-10,7.79000,8.05000,7.11500,7.64000,7.64000,-3.17%,1830213
2024-01-11,8.59000,8.80000,6.82000,7.19000,7.19000,-5.89%,2708494
2024-01-12,6.99000,7.02000,6.03000,6.15000,6.15000,-14.46%,1751044
2024-01-16,6.23000,7.04000,5.71000,6.72000,6.72000,9.27%,1770794
2024-01-17,6.26000,6.68700,6.13000,6.53000,6.53000,-2.83%,667628
2024-01-18,6.51000,7.24400,6.05000,6.19000,6.19000,-5.21%,1114561
2024-01-19,6.48000,6.57000,6.02000,6.40000,6.40000,3.39%,621200
2024-01-22,6.30000,6.95000,6.23000,6.80000,6.80000,6.25%,560337
2024-01-23,6.53000,6.69000,6.14000,6.15000,6.15000,-9.56%,1171252
2024-01-24,6.44000,6.74000,6.23000,6.24000,6.24000,1.46%,394474
2024-01-25,6.48000,6.79400,6.32000,6.60000,6.60000,5.77%,424961
2024-01-26,7.00000,7.60000,6.84000,7.60000,7.60000,15.15%,1713159
2024-01-29,7.87000,9.20000,7.20000,8.99000,8.99000,18.29%,3178579
2024-01-30,8.80000,9.80000,8.09000,8.98000,8.98000,-0.11%,2883649
2024-01-31,8.59000,8.80000,7.75800,8.19000,8.19000,-8.80%,2385080
2024-02-01,8.15000,8.38900,7.61000,7.94000,7.94000,-3.05%,1341388
2024-02-02,7.80000,8.08000,7.41000,7.66000,7.66000,-3.53%,1197098
2024-02-05,7.39000,7.46000,6.86000,6.93000,6.93000,-9.53%,1461059
2024-02-06,6.98000,7.12000,6.62000,6.78000,6.78000,-2.16%,1351947
2024-02-07,6.90000,7.20000,6.61000,7.09000,7.09000,4.57%,818118
2024-02-08,7.67000,8.70000,7.65000,8.25000,8.25000,16.36%,2099868
2024-02-09,8.92000,8.97000,7.79000,7.89000,7.89000,-4.36%,2768368
2024-02-12,8.00000,9.70000,7.94000,9.16000,9.16000,16.10%,3225529
2024-02-13,8.40000,8.85000,7.87000,7.96000,7.96000,-13.10%,2296123
2024-02-14,8.90000,9.17000,8.42000,8.75000,8.75000,9.92%,2021592
2024-02-15,8.74000,9.08000,7.48000,7.49000,7.49000,-14.40%,3663428
2024-02-16,7.73000,7.78000,6.90600,6.93000,6.93000,-7.48%,2909553
2024-02-20,7.16000,7.50000,6.90000,7.17000,7.17000,3.46%,1610292
2024-02-21,6.90000,6.94500,6.48000,6.71000,6.71000,-6.42%,1333064
2024-02-22,6.75000,6.96000,6.56000,6.78000,6.78000,1.04%,995135
2024-02-23,6.75000,6.75000,6.35000,6.48000,6.48000,-4.42%,1149874
2024-02-26,6.70000,8.09000,6.60000,8.01000,8.01000,23.61%,3203197
2024-02-27,8.36000,8.55000,7.71000,7.86000,7.86000,-1.87%,3386360
2024-02-28,8.18000,8.19000,6.93000,7.18000,7.18000,-8.65%,3149089
2024-02-29,7.39000,7.60000,6.58000,6.62000,6.62000,-7.80%,2498706
2024-03-01,6.76000,6.87000,6.32000,6.76000,6.76000,2.11%,1221934
2024-03-04,7.50000,7.87000,6.38000,6.83000,6.83000,1.04%,3670277
2024-03-05,6.50000,6.81400,6.41000,6.48000,6.48000,-5.12%,1937761
2024-03-06,6.67000,6.92000,6.17000,6.59000,6.59000,1.70%,1765986
2024-03-07,6.53000,7.04000,6.41000,6.87000,6.87000,4.25%,1152116
2024-03-08,7.00000,7.50000,6.97000,7.36000,7.36000,7.13%,1086517
2024-03-11,7.53000,7.57000,6.31000,6.33000,6.33000,-13.99%,2849775
2024-03-12,6.60000,6.61000,5.69000,6.29000,6.29000,-0.63%,1887830
2024-03-13,6.57000,6.95000,6.53000,6.74000,6.74000,7.15%,1402994
2024-03-14,6.62000,6.66000,6.19000,6.46000,6.46000,-4.15%,1161986
2024-03-15,6.46000,8.07000,6.40000,8.00000,8.00000,23.84%,4299814
2024-03-18,7.75000,7.77000,6.95000,7.40000,7.40000,-7.50%,2365668
2024-03-19,6.90000,7.45000,6.50000,7.43000,7.43000,0.41%,2110015
2024-03-20,7.30000,8.34000,7.01000,8.34000,8.34000,12.25%,3394786
2024-03-21,7.94000,8.15000,7.68400,7.95000,7.95000,-4.68%,2216790
2024-03-22,7.50000,7.63200,6.98000,7.16000,7.16000,-9.94%,1679446
2024-03-25,7.25000,7.38000,6.90000,7.21000,7.21000,0.70%,1941077
2024-03-26,7.21000,7.27000,6.78000,6.93000,6.93000,-3.88%,1521682
2024-03-27,7.00000,7.13100,6.82000,6.92000,6.92000,-0.14%,755282
2024-03-28,6.96000,7.34000,6.83400,7.02000,7.02000,1.45%,1734049
2024-04-01,6.95000,7.08000,6.65000,6.96000,6.96000,-0.85%,1054008
2024-04-02,6.67000,7.10000,6.50000,7.00000,7.00000,0.57%,1004645
2024-04-03,6.97000,7.27000,6.88000,6.94000,6.94000,-0.86%,866352
2024-04-04,7.00000,7.55000,6.95000,7.04000,7.04000,1.44%,968445
2024-04-05,6.98000,7.21900,6.90000,7.05000,7.05000,0.14%,419337
2024-04-08,7.10000,7.38000,7.01000,7.10000,7.10000,0.71%,999443
2024-04-09,7.22000,7.25000,6.72000,6.81000,6.81000,-4.08%,775010
2024-04-10,6.68000,6.84600,6.58000,6.67000,6.67000,-2.06%,699066
2024-04-11,6.68000,6.73000,6.46000,6.57000,6.57000,-1.50%,676778
2024-04-12,6.59000,6.60000,5.90000,6.04000,6.04000,-8.07%,1430103
2024-04-15,6.27000,6.33000,5.60000,5.65000,5.65000,-6.46%,1174178
2024-04-16,5.50000,5.58000,5.23000,5.42000,5.42000,-4.07%,897050
2024-04-17,5.58000,5.77000,5.33000,5.54000,5.54000,2.21%,699575
2024-04-18,5.55000,5.86900,5.28000,5.69000,5.69000,2.71%,818205
2024-04-19,5.71000,6.17000,5.71000,6.02000,6.02000,5.80%,645157
2024-04-22,6.12000,6.67100,5.94000,6.65000,6.65000,10.47%,1029652
2024-04-23,6.55000,6.99000,6.44000,6.71000,6.71000,0.90%,957487
2024-04-24,6.59000,6.83000,6.41000,6.48000,6.48000,-3.43%,615035
2024-04-25,6.21000,6.50500,6.13100,6.46000,6.46000,-0.31%,546034
2024-04-26,6.48000,6.59000,6.28000,6.35000,6.35000,-1.70%,524103
2024-04-29,6.29000,6.29000,5.89000,6.03000,6.03000,-5.04%,709523
2024-04-30,5.98000,6.04000,5.47000,5.49000,5.49000,-8.96%,845054
2024-05-01,5.47000,5.82300,5.35000,5.50000,5.50000,0.18%,617870
2024-05-02,5.60000,5.78600,5.44000,5.64000,5.64000,2.55%,611017
2024-05-03,5.78000,5.87800,5.53000,5.74000,5.74000,1.77%,497727
2024-05-06,5.89000,6.11000,5.81000,5.84000,5.84000,1.74%,624659
2024-05-07,5.80000,5.89000,5.68000,5.75000,5.75000,-1.54%,521069
2024-05-08,5.68000,5.71000,5.44000,5.64500,5.64500,-1.83%,469472
2024-05-09,5.57000,5.84000,5.56000,5.79000,5.79000,2.57%,316658
2024-05-10,5.78000,5.96000,5.45000,5.50000,5.50000,-5.01%,477940
2024-05-13,5.52000,5.70000,5.43000,5.45000,5.45000,-0.91%,511029
2024-05-14,5.44000,5.54000,5.25000,5.38000,5.38000,-1.28%,524491
2024-05-15,5.50000,5.68000,5.28000,5.66000,5.66000,5.20%,680100
2024-05-16,5.67000,6.13000,5.67000,5.86000,5.86000,3.53%,620450
2024-05-17,5.88000,6.03000,5.61000,5.71000,5.71000,-2.56%,396947
2024-05-20,5.66000,6.08000,5.59000,6.03000,6.03000,5.60%,487008
2024-05-21,5.95000,6.17000,5.86000,5.91000,5.91000,-1.99%,514032
2024-05-22,5.90000,6.36000,5.81000,5.90000,5.90000,-0.17%,678489
2024-05-23,5.94000,5.94000,5.62000,5.63000,5.63000,-4.58%,254598
2024-05-24,5.65000,6.06000,5.61000,6.06000,6.06000,7.64%,303157
2024-05-28,6.05000,6.19000,5.92000,6.11000,6.11000,0.83%,437761
2024-05-29,6.08000,6.14000,5.89000,5.98000,5.98000,-2.13%,212362
2024-05-30,5.98000,6.08400,5.78000,5.82000,5.82000,-2.68%,311557
2024-05-31,6.44000,6.75000,6.06000,6.13000,6.13000,5.33%,1294432
2024-06-03,6.10000,6.54000,5.95000,6.34000,6.34000,3.43%,873945
2024-06-04,6.40000,7.17000,6.35000,7.15000,7.15000,12.78%,1817101
2024-06-05,7.27000,7.40000,6.82000,7.01000,7.01000,-1.96%,1086787
2024-06-06,7.09000,7.49000,6.93200,7.32000,7.32000,4.42%,1309827
2024-06-07,7.44000,7.68000,7.04100,7.30000,7.30000,-0.27%,1016404
2024-06-10,6.97000,7.42000,6.96000,7.29000,7.29000,-0.14%,744967
2024-06-11,7.09000,7.56000,6.75000,7.54000,7.54000,3.43%,1033200
2024-06-12,7.91000,8.54000,7.65000,8.16000,8.16000,8.22%,2602623
2024-06-13,8.18000,10.10000,8.18000,9.85000,9.85000,20.71%,4309387
2024-06-14,9.88000,9.95000,8.90000,9.95000,9.95000,1.02%,2278580
2024-06-17,9.61000,9.74000,8.29000,9.38000,9.38000,-5.73%,2755503
2024-06-18,8.93000,9.33000,8.66000,9.08000,9.08000,-3.20%,1624050
2024-06-20,8.99000,10.11000,8.99000,9.86000,9.86000,8.59%,2673462
2024-06-21,9.18000,9.80000,8.68000,9.51000,9.51000,-3.55%,3283305
2024-06-24,9.29000,9.95000,8.92000,9.20000,9.20000,-3.26%,1823369
2024-06-25,9.50000,10.06500,9.20000,10.03000,10.03000,9.02%,5100553
2024-06-26,9.90000,10.98000,9.03000,9.25000,9.25000,-7.78%,5258077
2024-06-27,9.56000,10.69000,9.35000,9.78000,9.78000,5.73%,4375252
2024-06-28,10.23000,11.09000,10.10000,10.26000,10.26000,4.91%,4985328
2024-07-01,10.40000,11.13500,9.82000,10.59000,10.59000,3.22%,3386617
2024-07-02,10.86000,11.64000,10.41000,11.61000,11.61000,9.63%,4348131
2024-07-03,11.22000,11.85000,10.71000,11.83000,11.83000,1.89%,3685419
2024-07-05,10.90000,11.64000,10.45000,11.54000,11.54000,-2.45%,3143577
2024-07-08,11.80000,12.85000,11.80000,12.42000,12.42000,7.63%,4339423
2024-07-09,12.42000,12.85000,11.06000,11.21000,11.21000,-9.74%,3342257
2024-07-10,11.60000,11.60000,10.71000,10.91000,10.91000,-2.68%,1736388
2024-07-11,11.37000,11.46000,9.83000,10.17000,10.17000,-6.78%,4538542
2024-07-12,10.19000,10.77000,9.80000,10.57000,10.57000,3.93%,2098000
2024-07-15,11.13000,11.66800,11.02000,11.48000,11.48000,8.61%,2809846
2024-07-16,11.28000,11.73000,10.97000,11.18000,11.18000,-2.61%,2560152
2024-07-17,10.94000,11.45000,10.17000,10.32000,10.32000,-7.69%,3036585
2024-07-18,10.60000,10.60000,9.34000,9.43000,9.43000,-8.62%,2353625
2024-07-19,9.44000,11.07500,9.20000,10.98500,10.98500,16.49%,3138149
2024-07-22,11.19500,11.88000,10.53000,11.80000,11.80000,7.42%,2015121
2024-07-23,11.49000,11.93000,10.89000,10.90000,10.90000,-7.63%,2017084
2024-07-24,10.95000,11.08000,9.80000,9.88000,9.88000,-9.36%,1920710
2024-07-25,9.68000,10.13000,9.13000,9.65000,9.65000,-2.33%,1416914
2024-07-26,9.99000,10.52000,9.68000,9.87000,9.87000,2.28%,1263688
2024-07-29,10.29000,10.35000,9.54000,9.60000,9.60000,-2.74%,758441
2024-07-30,9.51000,9.78000,9.02000,9.08000,9.08000,-5.42%,1734593
2024-07-31,9.50000,9.57500,9.03000,9.08000,9.08000,,2425069
2024-08-01,9.09000,9.14400,8.09500,8.31000,8.31000,-8.48%,2523381
2024-08-02,8.00000,8.15000,7.10500,7.35500,7.35500,-11.49%,3249038
2024-08-05,6.70000,7.44000,6.40000,7.31000,7.31000,-0.61%,3273408
2024-08-06,7.50000,8.93000,7.27000,8.38000,8.38000,14.64%,3528045
2024-08-07,8.46000,8.63000,7.47000,7.66000,7.66000,-8.59%,2808789
2024-08-08,7.86000,8.50000,7.66000,8.44000,8.44000,10.18%,1397423
2024-08-09,8.26000,8.54800,7.81000,7.89000,7.89000,-6.52%,1467426
2024-08-12,7.67000,7.84000,7.30000,7.61000,7.61000,-3.55%,1080550
2024-08-13,7.87000,8.32000,7.66000,7.89000,7.89000,3.68%,1077878
2024-08-14,8.22000,8.30000,7.72000,7.73000,7.73000,-2.03%,587005
2024-08-15,6.64000,7.11000,6.22000,6.33000,6.33000,-18.11%,15364012
2024-08-16,6.30000,6.58000,6.08000,6.46000,6.46000,2.05%,6344767
2024-08-19,6.54000,7.08000,6.50000,6.89000,6.89000,6.66%,4432784
2024-08-20,7.00000,7.12000,6.58000,6.73000,6.73000,-2.32%,2442907
2024-08-21,6.85000,7.16000,6.78000,6.91000,6.91000,2.67%,3265546
2024-08-22,6.96000,7.47000,6.82000,6.99000,6.99000,1.16%,3996288
2024-08-23,7.04000,7.62000,6.92000,7.54000,7.54000,7.87%,3269646
2024-08-26,7.49000,7.70000,7.23000,7.23000,7.23000,-4.11%,2538166
2024-08-27,7.06500,7.24500,6.99000,7.03000,7.03000,-2.77%,1675845
2024-08-28,6.99000,7.06000,6.56000,6.59000,6.59000,-6.26%,2732784
2024-08-29,6.76000,7.06500,6.55500,6.61000,6.61000,0.30%,1728414
2024-08-30,6.62000,6.74000,6.35000,6.54000,6.54000,-1.06%,3416292
2024-09-03,6.40000,6.42900,5.98000,6.00000,6.00000,-8.26%,2659990
2024-09-04,5.86000,6.07000,5.77000,5.86000,5.86000,-2.33%,1453512
2024-09-05,6.05000,6.20000,5.83000,6.02500,6.02500,2.82%,3023788
2024-09-06,6.08000,6.15000,5.40000,5.45000,5.45000,-9.54%,3836181
2024-09-09,5.64000,5.77000,5.53000,5.72000,5.72000,4.95%,1496277
2024-09-10,5.77000,6.28000,5.62000,6.27000,6.27000,9.62%,3082451
2024-09-11,6.17000,6.39500,5.95000,6.29000,6.29000,0.32%,1791293
2024-09-12,6.26000,6.87000,6.23200,6.66000,6.66000,5.88%,2332839
2024-09-13,6.74000,7.01500,6.61000,6.89000,6.89000,3.45%,1640395
2024-09-16,6.80000,6.99000,6.34000,6.91000,6.91000,0.29%,1033314
2024-09-17,7.09000,7.30000,6.93000,7.12000,7.12000,3.04%,1620861
2024-09-18,7.06000,7.51000,7.05000,7.12000,7.12000,,2212259
2024-09-19,7.54000,7.56000,6.79000,6.80000,6.80000,-4.49%,2115124
2024-09-20,6.80000,7.22000,6.71500,7.13000,7.13000,4.85%,1770047
2024-09-23,7.26000,7.40000,6.88000,7.11000,7.11000,-0.28%,1111689
2024-09-24,7.12000,7.32000,7.07000,7.31000,7.31000,2.81%,1261057
2024-09-25,7.21000,7.87000,7.20000,7.54000,7.54000,3.15%,1599292
2024-09-26,7.88000,8.18000,7.68000,8.00000,8.00000,6.10%,4119641
2024-09-27,8.14000,8.55000,7.86000,8.44000,8.44000,5.50%,2619345
2024-09-30,7.65000,8.02000,7.35000,7.83000,7.83000,-7.23%,4026602
2024-10-01,7.69000,7.70900,6.80000,6.94000,6.94000,-11.37%,3663882
2024-10-02,6.98000,7.17500,6.80000,6.93000,6.93000,-0.14%,1500579
2024-10-03,6.88000,7.09000,6.73000,6.94500,6.94500,0.22%,1428196
2024-10-04,7.13000,7.46000,7.03000,7.30000,7.30000,5.11%,1132191
2024-10-07,7.25000,7.61500,6.91000,7.06000,7.06000,-3.29%,1297208
2024-10-08,7.04000,7.33000,6.81000,7.07000,7.07000,0.14%,917900
2024-10-09,7.05000,7.14000,6.68000,6.77000,6.77000,-4.24%,1768487
2024-10-10,6.80000,6.95000,6.61000,6.87000,6.87000,1.48%,1237834
2024-10-11,6.76000,7.58000,6.72000,7.57000,7.57000,10.19%,1708039
2024-10-14,7.73000,8.17000,7.60000,8.13000,8.13000,7.40%,2421850
2024-10-15,8.13000,8.31000,7.54000,7.77000,7.77000,-4.43%,2446104
2024-10-16,7.95000,8.37000,7.67000,8.35000,8.35000,7.46%,2174873
2024-10-17,8.27000,8.27000,7.76000,8.07000,8.07000,-3.35%,2296453
2024-10-18,8.29000,8.79000,8.08000,8.68000,8.68000,7.56%,2534839
2024-10-21,8.50000,8.56000,8.03000,8.32000,8.32000,-4.15%,2385803
2024-10-22,8.24000,8.30000,7.94300,8.20000,8.20000,-1.44%,1537978
2024-10-23,8.05000,8.12500,7.50000,7.72000,7.72000,-5.85%,2304576
2024-10-24,7.99600,8.17000,7.67000,7.74000,7.74000,0.26%,2149981
2024-10-25,7.73000,7.91000,7.47000,7.53000,7.53000,-2.71%,1702446
2024-10-28,7.93000,9.38000,7.87400,9.37000,9.37000,24.44%,5611558
2024-10-29,9.56000,9.70000,9.01000,9.23000,9.23000,-1.49%,4578696
2024-10-30,8.93000,9.06000,8.61000,8.68000,8.68000,-5.96%,2943679
2024-10-31,8.73000,8.73000,7.74500,7.79000,7.79000,-10.25%,2314187
2024-11-01,7.92000,8.19000,7.80000,7.83000,7.83000,0.51%,3754405
2024-11-04,7.64000,7.71000,7.08000,7.13000,7.13000,-8.94%,2488784
2024-11-05,7.31000,7.85000,7.31000,7.81000,7.81000,9.54%,4337877
2024-11-06,8.97000,9.02000,8.32000,8.51000,8.51000,8.96%,5421379
2024-11-07,8.52000,9.19000,8.28000,8.90000,8.90000,4.58%,3000909
2024-11-08,8.89000,9.53000,8.69000,8.96000,8.96000,0.67%,3390274
2024-11-11,9.99000,11.61000,9.86000,11.34000,11.34000,26.56%,10464856
2024-11-12,11.03000,11.40000,10.53000,10.97000,10.97000,-3.26%,7674713
2024-11-13,11.05000,13.52000,10.34000,10.60000,10.60000,-3.37%,12326401
2024-11-14,11.30000,11.64000,10.45000,10.74000,10.74000,1.32%,5612487
2024-11-15,11.12000,11.13000,10.50000,11.09000,11.09000,3.26%,4442269
2024-11-18,10.75000,12.52000,8.79000,11.85000,11.85000,6.85%,11045567
2024-11-19,11.97000,12.58000,11.23000,11.54000,11.54000,-2.62%,4606433
2024-11-20,12.06000,13.61000,11.77500,11.89000,11.89000,3.03%,7560662
2024-11-21,12.84000,12.85000,11.04000,11.19000,11.19000,-5.89%,7714528
2024-11-22,10.84000,12.25000,10.56000,11.54000,11.54000,3.13%,13170308
2024-11-25,11.71000,12.96000,11.17000,12.33000,12.33000,6.85%,7715356
2024-11-26,12.01000,12.01000,11.12000,11.16000,11.16000,-9.49%,3739917
2024-11-27,11.57000,12.35000,11.31000,12.23000,12.23000,9.59%,4054288
2024-11-29,13.10000,15.50000,12.90000,14.27000,14.27000,16.68%,15867545
2024-12-02,14.74000,14.80000,13.66000,13.84000,13.84000,-3.01%,6770608
2024-12-03,13.40000,15.35000,13.13000,14.79000,14.79000,6.86%,8718538
2024-12-04,15.02000,17.67000,14.85000,16.08000,16.08000,8.72%,13465687
2024-12-05,18.11500,19.49000,16.96000,16.98000,16.98000,5.60%,12635913
2024-12-06,18.49000,22.01000,17.64000,21.01000,21.01000,23.73%,18455311
2024-12-09,22.54000,22.86000,19.89000,20.63000,20.63000,-1.81%,14112475
2024-12-10,19.50000,21.40000,18.72000,18.90000,18.90000,-8.39%,11067528
2024-12-11,20.00000,22.30000,18.42000,19.93000,19.93000,5.45%,11318684
2024-12-12,21.19000,24.68000,20.40000,21.37000,21.37000,7.23%,14962252
2024-12-13,22.23000,23.65000,20.43000,20.92000,20.92000,-2.11%,11068406
2024-12-16,22.20000,25.51000,21.81000,23.14000,23.14000,10.61%,15233690
2024-12-17,24.65000,24.75000,19.75000,21.22000,21.22000,-8.30%,15583910
2024-12-18,21.00000,22.70000,19.29000,19.40000,19.40000,-8.58%,9397562
2024-12-19,20.44500,20.80000,18.01000,18.14000,18.14000,-6.49%,9238943
2024-12-20,18.28000,20.85000,18.00000,20.49000,20.49000,12.95%,10439668
2024-12-23,20.40000,20.94000,19.42000,20.52000,20.52000,0.15%,5857584
2024-12-24,21.77000,24.00000,20.70000,23.56000,23.56000,14.81%,8103119
2024-12-26,22.90000,25.12000,22.71000,24.46000,24.46000,3.82%,6567021
2024-12-27,25.00000,26.24000,23.36000,23.65000,23.65000,-3.31%,6917921
2024-12-30,22.90000,22.99000,20.15000,22.29000,22.29000,-5.75%,9925708
2024-12-31,23.94000,23.97000,21.04000,21.67000,21.67000,-2.78%,5366123
2025-01-02,22.03000,25.18000,21.52000,22.87000,22.87000,5.54%,7167126
2025-01-03,22.99000,26.20000,22.60000,26.10000,26.10000,14.12%,8221207
2025-01-06,26.20000,26.99000,22.90500,23.28000,23.28000,-10.80%,11434826
2025-01-07,23.30000,23.77000,19.68000,19.70500,19.70500,-15.36%,10060783
2025-01-08,19.50000,20.30000,17.80000,18.58000,18.58000,-5.71%,9774538
2025-01-10,18.03300,18.79000,16.89000,18.50000,18.50000,-0.43%,9511512
2025-01-13,17.33000,17.68000,16.39000,17.11000,17.11000,-7.51%,5189033
2025-01-14,18.31000,19.24000,17.71000,19.04000,19.04000,11.28%,6493412
2025-01-15,20.14000,21.35000,19.57000,20.84000,20.84000,9.45%,8101821
2025-01-16,20.22000,21.68000,19.90000,21.54000,21.54000,3.36%,4321411
2025-01-17,22.50000,23.19000,20.33000,20.90000,20.90000,-2.97%,9384905
2025-01-21,21.53000,22.75000,20.05000,21.71000,21.71000,3.88%,8784872
2025-01-22,21.54000,22.53000,19.10000,20.54000,20.54000,-5.39%,10475727
2025-01-23,19.80000,20.43500,19.01000,19.75500,19.75500,-3.82%,5970290
2025-01-24,20.17000,21.68000,19.60000,20.66000,20.66000,4.58%,6867184
2025-01-27,19.16000,19.25000,15.10000,15.54000,15.54000,-24.78%,12032642
2025-01-28,16.40000,17.65500,15.56000,16.67000,16.67000,7.27%,7687800
2025-01-29,16.92000,17.56000,16.62000,17.12000,17.12000,2.70%,4231421
2025-01-30,17.75000,18.50000,17.56000,18.17000,18.17000,6.13%,6171001
2025-01-31,18.29000,19.07000,18.09000,18.52000,18.52000,1.93%,4830713
2025-02-03,16.90000,17.97000,16.29000,17.77000,17.77000,-4.05%,6632946
2025-02-04,17.80000,17.93900,16.80000,16.89000,16.89000,-4.95%,3906450
2025-02-05,17.17000,17.75000,15.88000,16.25000,16.25000,-3.79%,5598074
2025-02-06,16.60000,17.44500,15.94000,16.26000,16.26000,0.06%,3813522
2025-02-07,16.80000,17.77000,16.52000,16.66000,16.66000,2.46%,3333339
2025-02-10,16.72000,17.65000,16.34000,17.41000,17.41000,4.50%,4343546
2025-02-11,16.98000,18.06000,15.55500,15.66000,15.66000,-10.05%,6871384
2025-02-12,15.95000,16.51000,15.75000,16.16000,16.16000,3.19%,3496824
2025-02-13,16.27000,16.65000,15.61500,16.58000,16.58000,2.60%,3319309
2025-02-14,16.52000,16.92000,16.12000,16.50000,16.50000,-0.48%,2966179
2025-02-18,16.44000,16.58000,14.87000,15.03000,15.03000,-8.91%,5365792
2025-02-19,15.12000,15.38000,14.50000,14.92000,14.92000,-0.73%,8803336
2025-02-20,15.13000,15.42000,13.79000,14.93000,14.93000,0.07%,7812447
2025-02-21,15.29000,15.30500,13.02000,13.09000,13.09000,-12.32%,8435810
2025-02-24,13.09000,13.45000,12.26000,13.10000,13.10000,0.08%,8511972
2025-02-25,10.49200,11.26000,9.05000,9.26000,9.26000,-29.31%,16957716
2025-02-26,10.03000,10.66000,9.92000,10.25000,10.25000,10.69%,12162279
2025-02-27,10.80000,12.01000,10.75000,10.89000,10.89000,6.24%,10639746
2025-02-28,10.59000,12.58000,10.50000,12.31000,12.31000,13.04%,10685818
2025-03-03,13.50000,13.86000,11.16000,11.32000,11.32000,-8.04%,7651956
2025-03-04,10.79000,11.91000,10.46000,11.38000,11.38000,0.53%,5853722
2025-03-05,11.42000,11.74000,11.02000,11.68000,11.68000,2.64%,4493367
2025-03-06,10.97000,11.70000,10.65000,10.95000,10.95000,-6.25%,6746171
2025-03-07,11.09000,11.18000,10.46500,11.00000,11.00000,0.46%,2679544
2025-03-10,10.49000,10.57000,9.75000,10.00500,10.00500,-9.05%,6295190
2025-03-11,10.29000,10.71000,9.90000,10.57000,10.57000,5.65%,3138215
2025-03-12,10.73000,11.41000,10.23000,10.71000,10.71000,1.32%,4057554
2025-03-13,10.58000,10.69000,9.75000,9.78000,9.78000,-8.68%,5610768
2025-03-14,10.07000,10.39000,9.89000,10.35000,10.35000,5.83%,3703275
2025-03-17,10.26000,10.53500,9.99000,10.48000,10.48000,1.26%,3095260
2025-03-18,10.47000,10.47000,9.42500,9.48500,9.48500,-9.49%,5086018
2025-03-19,9.99000,10.66000,9.81000,10.57000,10.57000,11.44%,3586763
2025-03-20,10.12000,10.58500,9.98500,10.00000,10.00000,-5.39%,3076271
2025-03-21,9.71600,10.06000,9.56000,10.01000,10.01000,0.10%,4164839
2025-03-24,10.55500,11.68000,10.40100,11.65000,11.65000,16.38%,4997767
2025-03-25,11.42000,11.79000,10.96000,10.99000,10.99000,-5.67%,3273372
2025-03-26,10.91500,11.09000,10.02000,10.15000,10.15000,-7.64%,3781280
2025-03-27,9.80000,10.27000,9.75000,9.92000,9.92000,-2.27%,3915267
2025-03-28,9.58000,9.62500,9.01000,9.14000,9.14000,-7.86%,4200350
2025-03-31,8.80000,8.96000,8.46000,8.83000,8.83000,-3.39%,4436177
2025-04-01,8.95000,9.08000,8.49000,8.96000,8.96000,1.47%,3135193
2025-04-02,8.69000,9.51000,8.69000,9.48000,9.48000,5.80%,3304795
2025-04-03,8.61000,9.02800,8.54200,8.77000,8.77000,-7.49%,3342145
2025-04-04,8.52000,8.61000,7.33000,8.03000,8.03000,-8.44%,7627237
2025-04-07,7.30000,8.74000,7.22300,8.28000,8.28000,3.11%,4379604
2025-04-08,8.57500,8.59000,7.20000,7.34000,7.34000,-11.35%,3222532
2025-04-09,7.32000,8.93500,7.00000,8.83000,8.83000,20.30%,7016730
2025-04-10,8.24500,8.51500,7.22000,7.60000,7.60000,-13.93%,5597852
2025-04-11,7.68000,7.99000,7.42000,7.95000,7.95000,4.61%,6577195
2025-04-14,8.38000,8.40000,7.72000,7.87000,7.87000,-1.01%,3667633
2025-04-15,7.81000,7.90000,7.13500,7.20000,7.20000,-8.51%,3893319
2025-04-16,7.05000,7.47500,6.84000,7.38000,7.38000,2.50%,6431879
2025-04-17,7.39000,7.69500,7.15000,7.62000,7.62000,3.25%,2954380
2025-04-21,7.80000,8.22000,7.56000,7.60000,7.60000,-0.26%,4811444
2025-04-22,7.94000,9.56000,7.91000,9.38000,9.38000,23.42%,8488775
2025-04-23,9.96000,10.54500,9.61000,9.84000,9.84000,4.90%,8963357
2025-04-24,9.70000,10.55000,9.59000,10.40000,10.40000,5.69%,6290667
2025-04-25,10.66000,10.81000,10.16000,10.53000,10.53000,1.25%,5235968
2025-04-28,10.52000,10.52000,9.50000,10.02000,10.02000,-4.84%,3881007
2025-04-29,10.02000,10.16500,9.64000,9.85000,9.85000,-1.70%,2620561
2025-04-30,9.40000,9.65000,9.08000,9.57000,9.57000,-2.84%,2543670
2025-05-01,10.13000,10.72000,9.84000,10.18000,10.18000,6.37%,5673547
2025-05-02,10.33000,11.35000,10.19000,10.97000,10.97000,7.76%,4391107
2025-05-05,10.52000,10.64900,9.87000,10.25000,10.25000,-6.56%,3307932
2025-05-06,10.00000,11.11500,9.90000,10.92000,10.92000,6.54%,4528860
2025-05-07,10.90000,11.37500,10.54500,11.35000,11.35000,3.94%,3890770
2025-05-08,12.05000,13.83000,11.71000,13.54000,13.54000,19.30%,9112779
2025-05-09,13.96000,14.60000,13.62000,14.12000,14.12000,4.28%,9984113
2025-05-12,15.10000,15.25000,13.88500,14.18000,14.18000,0.42%,6962842
2025-05-13,14.28500,14.79000,13.92000,14.43000,14.43000,1.76%,3941725
2025-05-14,14.26000,14.75000,14.01000,14.09000,14.09000,-2.36%,5479496
2025-05-15,13.82000,13.90000,12.33500,13.73000,13.73000,-2.56%,8973401
2025-05-16,13.96000,15.23000,13.62000,15.19000,15.19000,10.63%,5304028
2025-05-19,14.80000,15.50000,14.28000,15.32000,15.32000,0.86%,4304840
2025-05-20,15.35000,15.76500,14.60000,15.59000,15.59000,1.76%,3901135
2025-05-21,15.03000,16.23000,14.67200,14.75000,14.75000,-5.39%,8068923
2025-05-22,15.27000,15.80000,15.02000,15.08000,15.08000,2.24%,3983625
2025-05-23,14.34000,14.77600,14.14000,14.46000,14.46000,-4.11%,3113258
2025-05-27,15.04000,15.15000,14.56000,15.00000,15.00000,3.73%,3372963
2025-05-28,14.91000,15.01000,14.19000,14.30000,14.30000,-4.67%,3672376
2025-05-29,14.60000,15.05000,14.24000,14.31000,14.31000,0.07%,4613988
2025-05-30,14.05000,14.07000,12.76000,12.86000,12.86000,-10.13%,6605673
2025-06-02,12.70000,12.90000,12.22000,12.76000,12.76000,-0.78%,2922110
2025-06-03,13.03000,13.19000,12.68000,12.91000,12.91000,1.18%,3037945
2025-06-04,12.60000,13.28000,12.49500,13.25000,13.25000,2.63%,4101341
2025-06-05,13.53000,13.55000,12.33500,12.63000,12.63000,-4.68%,3073989
2025-06-06,12.96500,14.26000,12.93000,13.99000,13.99000,10.77%,4349691
2025-06-09,14.50000,14.51000,13.59000,14.01000,14.01000,0.14%,4042295
2025-06-10,14.50000,14.75000,13.80000,14.30000,14.30000,2.07%,3539851
2025-06-11,14.30000,14.35000,13.68000,13.83000,13.83000,-3.29%,2328328
2025-06-12,13.43500,13.80000,13.22000,13.29000,13.29000,-3.90%,2006220
2025-06-13,12.92500,13.23500,12.60000,12.68000,12.68000,-4.59%,2286191
2025-06-16,12.97000,13.57000,12.80000,13.56000,13.56000,6.94%,1989819
2025-06-17,13.20000,13.25000,12.51000,12.70000,12.70000,-6.34%,2252477
2025-06-18,11.80000,11.99000,11.28000,11.79500,11.79500,-7.13%,11664693
2025-06-20,12.03000,12.08000,11.22500,11.28000,11.28000,-4.37%,5398330
2025-06-23,10.83500,11.18000,10.48000,10.91000,10.91000,-3.28%,5267630
2025-06-24,11.15000,11.40500,10.97000,10.98000,10.98000,0.64%,3707680
2025-06-25,11.29000,11.36000,10.71500,10.74000,10.74000,-2.19%,5626198
2025-06-26,10.68000,11.31000,10.41000,11.21000,11.21000,4.38%,6804532
2025-06-27,11.32000,11.35000,10.82000,11.09000,11.09000,-1.07%,15676663
2025-06-30,11.16000,11.70000,11.12000,11.48000,11.48000,3.52%,4041144
2025-07-01,11.13000,11.62500,10.80000,11.30000,11.30000,-1.57%,3652612
2025-07-02,11.51000,13.37000,11.35000,13.08000,13.08000,15.75%,11407623
2025-07-03,13.29000,14.10000,13.16000,13.77000,13.77000,5.28%,5006210
2025-07-07,13.07000,13.36000,12.30000,13.12500,13.12500,-4.68%,4808130
2025-07-08,13.40000,13.55000,12.43500,12.68000,12.68000,-3.39%,4019183
2025-07-09,13.03500,13.03800,12.16000,12.97000,12.97000,2.29%,3745399
2025-07-10,13.06000,13.49000,12.83000,13.17000,13.17000,1.54%,5768129
2025-07-11,13.91000,14.47700,13.07000,13.24000,13.24000,0.53%,4483361
2025-07-14,13.70000,14.47000,13.17000,13.51000,13.51000,2.04%,6420447
2025-07-15,13.32000,13.39000,12.48000,12.55000,12.55000,-7.11%,4556074
2025-07-16,13.05000,13.79500,12.92000,13.50000,13.50000,7.57%,5183438
2025-07-17,13.52000,13.85000,13.30000,13.75000,13.75000,1.85%,3536140
2025-07-18,13.90000,14.57000,13.39000,13.70000,13.70000,-0.36%,5344410
2025-07-21,13.99000,15.17000,13.71000,13.75000,13.75000,0.36%,7366112
2025-07-22,13.95000,14.89000,13.60000,14.65000,14.65000,6.55%,6649153
2025-07-23,14.55000,14.77000,13.77000,14.75000,14.75000,0.68%,3153693
2025-07-24,14.75000,15.63000,14.73000,15.16000,15.16000,2.78%,5520829
2025-07-25,14.91000,14.97000,14.26600,14.64000,14.64000,-3.43%,2847132
2025-07-28,15.05000,15.19000,14.11000,14.18000,14.18000,-3.14%,2743491
2025-07-29,14.50000,14.50000,13.35500,13.43000,13.43000,-5.29%,3475054
2025-07-30,13.37000,13.72000,12.78500,13.08000,13.08000,-2.61%,2841073
2025-07-31,13.26000,13.46000,12.89000,12.89000,12.89000,-1.45%,2569677
2025-08-01,12.10000,12.56000,11.88000,12.11000,12.11000,-6.05%,3848207
2025-08-04,12.39000,13.00000,12.19000,12.98000,12.98000,7.18%,2790203
2025-08-05,12.89000,13.00000,12.44000,12.74000,12.74000,-1.85%,2075923
2025-08-06,12.84000,13.25500,12.60000,12.97000,12.97000,1.81%,2752136
2025-08-07,13.02000,13.25000,12.60000,12.94000,12.94000,-0.23%,1671101
2025-08-08,12.99000,13.02500,12.22000,12.57000,12.57000,-2.86%,2375883
2025-08-11,12.82000,13.56500,12.75500,12.79000,12.79000,1.75%,3825894
2025-08-12,12.84000,13.42000,12.80000,13.21000,13.21000,3.28%,2155045
2025-08-13,13.35000,14.00000,13.25000,13.98000,13.98000,5.83%,4627907
2025-08-14,13.67000,14.05900,13.22000,13.78000,13.78000,-1.43%,2239367
2025-08-15,13.84000,13.84000,13.05000,13.39000,13.39000,-2.83%,2788949
2025-08-18,13.70000,14.77000,12.66000,14.36000,14.36000,7.24%,6188217
2025-08-19,14.05000,14.15500,12.60000,12.93500,12.93500,-9.92%,5139319
2025-08-20,12.88000,12.99500,12.14500,12.94000,12.94000,0.04%,3211718
2025-08-21,12.79500,12.79500,12.29000,12.61000,12.61000,-2.55%,2632362
2025-08-22,12.53000,13.66000,12.34000,13.35000,13.35000,5.87%,3781315
2025-08-25,13.03000,13.37000,12.62000,13.12000,13.12000,-1.72%,2006186
2025-08-26,12.82000,13.08000,12.68000,12.95000,12.95000,-1.30%,2272087
2025-08-27,13.00000,13.85500,12.78000,13.55000,13.55000,4.63%,3567324
2025-08-28,13.75000,14.36300,13.47500,13.68000,13.68000,0.96%,4949921
2025-08-29,13.60000,14.34500,13.22000,14.29000,14.29000,4.46%,5553344
2025-09-02,13.73000,14.65000,13.44500,14.24000,14.24000,-0.35%,4053786
2025-09-03,14.60000,14.71000,13.18000,13.26000,13.26000,-6.88%,4470032
2025-09-04,13.00000,13.33000,11.94500,12.01000,12.01000,-9.43%,4290314
2025-09-05,12.60000,12.70000,11.85000,12.35000,12.35000,2.83%,3541525
2025-09-08,12.35000,12.93500,12.01500,12.70000,12.70000,2.83%,2470138
2025-09-09,12.93000,13.97000,12.73000,13.85000,13.85000,9.06%,4848759
2025-09-10,14.09000,14.22000,13.61000,13.64000,13.64000,-1.52%,4577286
2025-09-11,13.87000,14.36000,13.53000,14.11000,14.11000,3.45%,4698949
2025-09-12,14.26000,16.18000,14.05000,16.15000,16.15000,14.46%,9436205
2025-09-15,16.54000,16.79000,15.56000,15.93000,15.93000,-1.36%,6737308
2025-09-16,15.84500,16.58500,15.16000,16.38000,16.38000,2.82%,5452781
2025-09-17,16.19500,17.19000,15.80400,16.94000,16.94000,3.42%,7604116
2025-09-18,17.21000,17.21000,16.20000,16.92000,16.92000,-0.12%,7602890
2025-09-19,17.00000,17.05000,16.31000,16.45000,16.45000,-2.78%,5882669
2025-09-22,16.75000,17.99500,15.94100,17.96000,17.96000,9.18%,9441925
2025-09-23,18.81000,18.84000,16.55000,16.57000,16.57000,-7.74%,7419468
2025-09-24,16.80000,17.92000,16.61000,17.52000,17.52000,5.73%,5785729
2025-09-25,16.72000,16.86500,16.05000,16.57000,16.57000,-5.42%,5848464
2025-09-26,16.32500,16.85000,15.65000,16.25000,16.25000,-1.93%,4244497
2025-09-29,16.50000,17.36000,16.39000,17.31000,17.31000,6.52%,3724297
2025-09-30,17.08500,17.19000,16.57000,17.09000,17.09000,-1.27%,3923408
2025-10-01,17.32000,19.00000,17.20000,18.00000,18.00000,5.32%,6726859
2025-10-02,18.31000,19.01000,17.50000,17.61000,17.61000,-2.17%,5966137
2025-10-03,17.90000,20.39000,17.55000,19.42000,19.42000,10.28%,11922723
2025-10-06,20.41000,21.22500,19.37000,20.89000,20.89000,7.57%,7934031
2025-10-07,20.92000,21.13000,19.36000,20.61000,20.61000,-1.34%,8284587
2025-10-08,20.30000,20.80000,19.59000,19.95000,19.95000,-3.20%,8735987
2025-10-09,19.90500,20.53000,18.59000,20.51000,20.51000,2.81%,6118974
2025-10-10,20.83000,22.15000,17.70000,17.78000,17.78000,-13.31%,11543390
2025-10-13,18.40000,20.68500,17.94500,20.45000,20.45000,15.02%,11960144
2025-10-14,18.50000,20.98000,18.00000,20.12000,20.12000,-1.61%,7373878
2025-10-15,24.80000,27.80000,24.15000,25.90000,25.90000,28.73%,32869940
2025-10-16,26.07500,26.55000,24.68000,25.88000,25.88000,-0.08%,13345361
2025-10-17,24.05500,25.00000,22.90000,24.02000,24.02000,-7.19%,8337221
2025-10-20,25.76000,26.81000,24.90000,25.57000,25.57000,6.45%,8538478
2025-10-21,25.07000,25.23000,23.51000,23.67000,23.67000,-7.43%,4829262
2025-10-22,23.00000,24.01000,20.20000,21.42000,21.42000,-9.51%,10006561
2025-10-23,21.45000,22.42100,21.15500,21.72000,21.72000,1.40%,4495986
2025-10-24,22.93000,23.70000,22.59000,23.24000,23.24000,7.00%,5375370
2025-10-27,24.19000,24.47000,23.48000,24.16000,24.16000,3.96%,4635579
2025-10-28,23.93000,25.28000,23.60000,24.11000,24.11000,-0.21%,4780048
2025-10-29,24.47500,24.56000,22.35500,23.11000,23.11000,-4.15%,7880934
2025-10-30,22.71000,23.29000,21.97000,22.53000,22.53000,-2.51%,3986186
2025-10-31,23.14000,23.29000,21.84000,22.20000,22.20000,-1.46%,3727240
2025-11-03,24.30000,24.30000,22.28000,22.85000,22.85000,2.93%,8436221
2025-11-04,21.68000,23.21000,20.90000,21.34000,21.34000,-6.61%,5753916
2025-11-05,21.81000,22.93300,21.65000,22.08000,22.08000,3.47%,4858053
2025-11-06,21.83000,22.13000,21.03000,21.22000,21.22000,-3.89%,5096515
2025-11-07,20.43000,22.41000,19.88000,21.99000,21.99000,3.63%,7308970
2025-11-10,22.98000,23.30000,17.34000,17.65000,17.65000,-19.74%,12593439
2025-11-11,17.35000,17.70000,14.96000,15.02000,15.02000,-14.90%,9695385
2025-11-12,15.51000,15.54000,13.60000,13.94000,13.94000,-7.19%,7054596